"","V1","V2"
"1",-1.48478304825723,-0.660378400690536
"2",-3.2754878023149,-1.09160460116966
"3",-4.83159338855022,-1.56229824656228
"4",-4.54846089911047,-2.37054508294991
"5",-5.8549427961259,-3.06362083327893
"6",-3.27833242937336,-1.37868708190188
"7",-4.66496122535724,-1.89820572411697
"8",-6.03217200495999,-2.34431470229537
"9",-7.36433531123851,-3.04425286051796
"10",-6.01616430276358,-2.46103797506864
"11",-7.37590912391295,-3.0040577873666
"12",-8.6986819433752,-3.5401475223793
"13",-8.69675924795304,-3.54385385079719
"14",-7.36912107855684,-3.01965686204715
"15",-7.36868985198474,-3.02600490438012
"16",-7.37407878118856,-3.01214359708324
"17",-7.37256619788954,-3.016719508968
"18",-6.02758843812296,-2.4060542015998
"19",-7.38849042726417,-2.96913088038035
"20",-7.38897029399398,-2.96426853655537
"21",-7.39188838265339,-2.95559124005892
"22",-8.71923370200151,-3.48767235412753
"23",-8.72061060794967,-3.48475877227544
"24",-8.72198509621644,-3.48218715527355
"25",-7.39912044896016,-2.93969560156648
"26",-8.72522537523239,-3.4724611701052
"27",-8.72942770897112,-3.46213420375451
"28",-8.72694980303929,-3.46843910588778
"29",-8.72600537890117,-3.47027730455544
"30",-8.7273134437477,-3.46638890750279
"31",-8.72877672091477,-3.46465231707199
"32",-5.96591308382749,-2.5297784518879
"33",-7.33075507900749,-3.10887311380041
"34",-7.33347262276073,-3.09807917824133
"35",-6.03329117041364,-2.33295410159412
"36",-6.02348073827677,-2.36017276224188
"37",-7.34728332216398,-3.06987060360819
"38",-7.34389653257096,-3.07667549242842
"39",-7.34968930637896,-3.06319437113212
"40",-8.66912344396706,-3.61175290843734
"41",-7.34157630605515,-3.08139661825698
"42",-6.03617776682298,-2.35350431907575
"43",-6.00773679651649,-2.48217952439958
"44",-0.123693956680537,-0.499447841338356
"45",0.270581628645733,-1.86222031979673
"46",-1.72097451546835,-0.153046330418492
"47",-3.3611232048678,-0.125460606007313
"48",-4.84003517218682,-0.461007574017851
"49",-6.2696115217483,-0.586143477759884
"50",-7.84239585408199,-0.737718702914443
"51",-7.84074508452591,-0.750268530265627
"52",-7.82619974254244,-0.9264293347007
"53",-7.82741669962277,-0.920993004384596
"54",-7.82769951000843,-0.91456477196935
"55",-7.82224771826438,-0.939539134677548
"56",-9.26865583326773,-1.11185148804909
"57",-9.26837443361842,-1.11610915660414
"58",-9.26786716846747,-1.12022885880959
"59",-6.27086026410096,-0.600198454386622
"60",-6.25595024558189,-0.611877704655136
"61",-6.29223746542705,-0.674858807646504
"62",-7.8293963162087,-0.872795152062149
"63",-9.27817370452362,-1.03486410204389
"64",-7.82884496714163,-0.850291632032347
"65",-9.27937226403334,-1.01117216241015
"66",-10.7077113861736,-1.1676895840699
"67",-10.7078588675789,-1.1662928812514
"68",-9.28060977107964,-1.0070339825706
"69",-9.28025971631985,-1.00448996933452
"70",-9.28063584501419,-1.00572743522591
"71",-9.28099966947911,-1.00097176497054
"72",-9.28066338352767,-1.00322345699337
"73",-10.7071925070837,-1.17241357920766
"74",-10.7072364449209,-1.17110707657683
"75",-9.27921990761348,-1.01784154714766
"76",-9.28041543431598,-1.00840522073632
"77",-7.83121775523507,-0.867348624446201
"78",-7.82843538246816,-0.878432857700414
"79",-7.83386432217736,-0.82804958093703
"80",-3.31205043213095,0.0807582874586846
"81",-4.87136059102451,-0.924392478851148
"82",-6.3139126686598,-1.1295094101417
"83",-6.30794745426274,-1.18408145130008
"84",-7.76700112357199,-1.47286619286233
"85",-9.17579755703035,-1.73936042144007
"86",-9.17512115001702,-1.74425973603548
"87",-7.76961653164813,-1.45162178062283
"88",-9.18148357923134,-1.71027187801317
"89",-9.18051220959067,-1.7137826183114
"90",-9.1804627985497,-1.71710667265871
"91",-9.17957502823338,-1.72054721716189
"92",-6.29828519182717,-1.24905145297454
"93",-7.75817214715361,-1.5233419390509
"94",-7.75611068813352,-1.53202363936903
"95",-7.7537273913689,-1.53976742225378
"96",-7.75279710663767,-1.54797665603005
"97",-7.7498827410624,-1.55727113760121
"98",-4.8851677806636,-0.823099975664307
"99",-6.29603369547936,-1.37253867709985
"100",-6.28866452382359,-1.39611390010067
"101",-3.31859273323899,0.234671122249001
"102",-4.87044455797883,-1.19621148688244
"103",-4.86453543767608,-1.23038855086822
"104",-4.86746433422195,-1.21275464661736
"105",0.368706194571978,-2.07120696314698
"106",0.529679926904061,-3.8174045648038
"107",0.69991848224648,-5.27388374667344
"108",0.88501989119824,-5.2416637840658
"109",1.15934421491464,-6.65094572463097
"110",1.13593326025785,-6.6589855784974
"111",0.746207683010012,-5.27172420891479
"112",0.937003348968669,-6.69851594162543
"113",0.802610575095645,-8.00112303775435
"114",0.94944611941747,-6.69873508263312
"115",0.960905234894288,-6.69624881990485
"116",0.925973692518645,-6.70262532877159
"117",0.973024072092089,-6.69342225415129
"118",0.912456970223197,-6.70459220281767
"119",0.986918224395661,-6.6899136533467
"120",0.803680341404796,-5.25804211199372
"121",0.818909162941317,-5.25350874320994
"122",0.841733851438329,-5.25289005263671
"123",1.06071213638747,-6.68303584134517
"124",1.08186384683204,-6.67661708515963
"125",0.614259317004431,-5.28182781992773
"126",0.731574898245765,-6.70860756419592
"127",0.742442782771124,-6.70961937641953
"128",0.752414275310172,-6.71040177434912
"129",0.761813949791607,-6.71080896206019
"130",0.770894027252673,-6.7109393464232
"131",0.797922499668065,-6.70938351891375
"132",0.716075458762509,-6.70457429684127
"133",0.77427159443077,-8.0037862180939
"134",0.779830624314461,-6.71074537099295
"135",0.788780477858062,-6.71020751388448
"136",0.817837755367953,-6.70665895807082
"137",0.829709379121698,-6.70490052344095
"138",0.807477668049744,-6.7081759511833
"139",0.782954862648298,-3.77772358361241
"140",1.11975866259265,-5.24180773561747
"141",1.16281746663373,-5.23076974424782
"142",1.14082775790176,-5.23655764675962
"143",1.09931269969645,-5.24659587247937
"144",1.08054844274649,-5.25748590737795
"145",0.572698159819324,-1.89135482219832
"146",1.00958159693575,-3.75945546817135
"147",3.06757022730296,-4.47331020093539
"148",1.0421934900025,-1.14209728792612
"149",-0.239989100308463,0.979371987039318
"150",-1.70154975063706,1.74658689920622
"151",-3.13477331864001,2.43588988952868
"152",-4.30931396101621,3.29527163507187
"153",-3.00582635679013,2.62184288007388
"154",-3.02696537873267,2.5887198160664
"155",-3.05686062323714,2.5556220441372
"156",-4.20696482596236,3.4441668659931
"157",-4.17008874426626,3.49665936521126
"158",-4.13271129376759,3.54846747091589
"159",-2.51196639152011,3.20337494762561
"160",-3.10750625365478,2.47134198644624
"161",-3.08402448146459,2.50463796253213
"162",-0.109744644961938,2.51067671807745
"163",-0.553769141533775,3.90930761549748
"164",-0.834986083254564,5.36323102424797
"165",0.0217410070824376,3.94047066709208
"166",-0.0134217152672681,5.39780611202274
"167",0.0286476826638369,5.4199000827529
"168",0.0537616768816915,6.89196937063994
"169",0.0490596170771749,6.89009215370181
"170",-0.0351175536340139,5.3885601342368
"171",-0.369450850704646,6.66926825825305
"172",-0.310286777553229,6.71490064246878
"173",-0.0379526269224917,5.39295041390259
"174",-0.0193790887653804,6.87737064007423
"175",0.0165641317929962,5.41172825370036
"176",0.266547515541862,5.28351898633564
"177",0.356278505835288,6.74100545512138
"178",0.150421530536384,5.33109152616528
"179",0.275245541395084,6.67065154910948
"180",0.275671489100766,6.66805585236073
"181",0.271983855381302,8.27204884950645
"182",0.148632317877488,6.70903105173007
"183",0.198134221515644,8.26786994623093
"184",0.186422294788823,8.26896901429031
"185",0.17589268218053,8.26904295047079
"186",0.179512262684158,8.27010582151578
"187",0.176936889471418,8.26955401425509
"188",0.184365470606137,8.26858550130133
"189",0.181831241418051,8.26876335009165
"190",0.218932970974728,9.72944058419497
"191",0.196550845234793,9.72945635071774
"192",0.161168352314596,8.26885105083748
"193",0.202354928797693,9.72959732793918
"194",0.191439838843865,9.72978934415247
"195",0.193131141243409,9.72971637293787
"196",0.194085112959113,8.26837701412778
"197",0.235360055509879,9.72918989771906
"198",0.239566827954766,9.72898727796419
"199",0.18674212934939,8.26881671070643
"200",0.184100531674456,8.26977868635955
"201",0.174378268822872,8.26953994311744
"202",0.18919996212024,8.26994070908976
"203",0.177694787388366,8.26962674506909
"204",0.179918299915703,8.27026548711376
"205",0.173872695105749,8.27008179271411
"206",0.189711065699391,8.27002827780637
"207",0.172838616892067,8.27140678128959
"208",0.193079106476584,8.27119100560165
"209",0.192313327229043,8.27001301950735
"210",0.239653382572314,9.72882386254354
"211",0.214138125030239,9.7296138780016
"212",0.281754042377528,6.68698664103994
"213",0.245436735059271,6.6071203848161
"214",0.314625786647117,8.24023463756993
"215",0.318045421348486,8.24397098558469
"216",0.349260935146396,9.723456918034
"217",0.378119165358923,9.72225016756752
"218",0.291731797405962,8.24324292018947
"219",0.349107252115039,9.72322729711389
"220",0.372792375011329,9.72253360428518
"221",0.329507899946124,9.72389742093318
"222",0.330595142479022,9.7235525487638
"223",0.33152862239809,9.7238525611753
"224",0.321037119995406,8.23285098312468
"225",0.38535142991795,9.72206546419751
"226",0.360010691198024,9.72308354106587
"227",0.357121812457987,9.72303090789256
"228",0.215806901676042,8.25532723075299
"229",0.365202421574517,9.72216974931019
"230",0.3669030644884,9.7219336994683
"231",0.365851704793446,9.72199008463427
"232",0.368190159260254,9.72195337051994
"233",0.354373715095171,9.72299686736026
"234",1.33842696973991,11.0872528051435
"235",1.29412939075074,11.092453228804
"236",0.362849689233914,9.72243770294912
"237",0.362768906233588,9.72246351274007
"238",1.31799324278851,11.0896579969067
"239",1.31657531694152,11.0898887618934
"240",0.294644602643606,8.24551973071919
"241",0.197295609437816,6.69178008658368
"242",0.247552119855469,8.263203127692
"243",0.2338890090215,8.26319768332347
"244",0.240435311557385,8.26133462085024
"245",0.23412560671545,8.26251023375767
"246",0.255247656676055,8.25978371033375
"247",0.250164842774857,8.26001412798339
"248",0.271227721975073,9.72682245032328
"249",0.267947078927472,9.72696261699002
"250",0.242513968144711,8.2615575143838
"251",0.229088572923581,8.26282585571236
"252",0.237738823317154,8.26234508803616
"253",0.279739500673206,9.72686605258502
"254",0.277325265022828,9.72672592329219
"255",0.22980620402247,8.26281124701976
"256",0.224996155282273,8.26207934335367
"257",0.23869576162853,8.26114086809559
"258",0.237535087321052,8.26233237142928
"259",0.259213416758725,8.26009171336337
"260",0.243583217190631,8.2615611615771
"261",0.285605571522276,9.72626843514476
"262",0.356946164293327,11.1621194467161
"263",0.244475167690042,8.26161690059554
"264",0.293261861655813,9.72625189349747
"265",0.291232419057797,9.72649151922814
"266",0.289695756073376,9.72621568939761
"267",0.253825279785974,8.26038013784556
"268",0.256399889280217,8.26032144256541
"269",0.257034227104487,8.26012839561598
"270",0.199037880170849,9.72884337692698
"271",0.25269841134916,8.2611924257564
"272",0.249383738869967,8.26223278364571
"273",0.231588218296666,8.26224269892368
"274",0.227473485604438,8.26174493867713
"275",0.304804530703675,9.72561068050757
"276",0.24109615885524,9.72728472486931
"277",0.381924087961859,11.1613784136468
"278",0.251768062841645,8.26134839481399
"279",0.325238300122618,5.28826597902748
"280",-0.00674331138454413,5.41168147072583
"281",-0.0138101060814185,5.39525481048399
"282",0.0174770774751198,5.39366983988076
"283",-0.0221106999069673,5.41002096623005
"284",-0.0304347607493406,5.38874876626551
"285",-0.045826365452083,6.86565006523328
"286",-0.0411894137239248,6.8645717106286
"287",-0.295186015608195,6.7225778208271
"288",-0.0504672298077341,6.866041271039
"289",0.00450783449061099,5.39882079719117
"290",0.00877713862884071,5.38218013881116
"291",0.316902582449952,5.29539669302815
"292",-0.336478501332781,6.68925104241938
"293",-0.328304430531964,6.69632712903111
"294",-0.345172825231013,6.68259564131807
"295",-0.0281657650567375,6.86435724338128
"296",0.00592163374707987,5.41093506394253
"297",0.0172552034569032,6.86733861527736
"298",0.0221915095586686,6.86838891730318
"299",-0.00172110904105285,6.86411557490918
"300",0.00289902116730256,6.866818269551
"301",0.0123828649524439,6.87082794275793
"302",0.00679199765679126,6.85597786501422
"303",-0.289505499894157,8.28221287601667
"304",-2.3484546191679,9.44169130320017
"305",-0.284809339246257,8.28178162346967
"306",-0.293856143281804,8.28058324561002
"307",0.0272418690507054,6.86950522538617
"308",-0.115658895144303,5.31763924542527
"309",-0.182669170407002,6.75330189658938
"310",-0.11663811662133,6.76081358681337
"311",-0.175036596652963,6.7515662382165
"312",-0.254587680444681,8.27240505926954
"313",-0.117947401407935,6.76079914622956
"314",-0.111357332917658,6.76058797250141
"315",-0.113418068556473,6.76442878237067
"316",-0.244491294283749,8.2743344027491
"317",-0.165159740746844,6.75250380423465
"318",-0.169022340422589,6.75365472588133
"319",-0.205759983981,8.28310339062906
"320",-0.177622660051614,6.72786247356407
"321",-0.191154644111478,6.7257799438192
"322",-0.108583269477226,6.7582796556201
"323",-0.193885720089037,6.71028615296385
"324",-0.315676080923104,8.26553837256865
"325",-0.322109751238223,8.26575844643226
"326",-0.216877479494266,8.27476914191566
"327",-0.234410534490116,8.27334289430465
"328",-0.145275174194367,6.73703473330116
"329",-0.174548869394223,8.27743800868295
"330",-0.996331567014163,9.67909066827545
"331",-1.00044590021454,9.6787398905385
"332",-0.186899449218793,8.27709340632913
"333",-0.181653405262777,8.27716893867378
"334",-0.17692204523803,8.27843268855125
"335",-0.172115870359308,8.28021217202083
"336",-0.184208698000522,8.27956077804279
"337",-0.166580993258016,8.27950490686012
"338",-0.169520056173236,8.28097378285516
"339",-0.179301256869805,8.27955865596838
"340",-0.162924241873047,8.28002047832664
"341",-0.190067470191935,8.27672862298294
"342",-0.14389591439803,6.74823890206942
"343",-0.224553097986211,8.27635131526055
"344",-0.305201056802522,8.26727913622321
"345",-0.111157271731057,6.75172558864877
"346",-0.112385817505938,8.28076446348688
"347",-0.12418815518016,8.28226630561745
"348",-0.115409134494271,8.2818223662223
"349",-0.129831842821106,8.28008850124763
"350",-0.672385193006104,9.7081875493911
"351",-0.668173750084061,9.70850581465949
"352",-0.663371128474082,9.70912042514692
"353",-0.119518555272228,8.2814900873589
"354",-0.499912798583972,3.95744797442173
"355",-0.708571156710967,5.43864117317345
"356",-0.892308239843156,6.84819229935416
"357",-0.663820214451659,5.47561274234002
"358",-0.688964661507588,5.44405960365078
"359",-0.757833107670726,5.41409608198803
"360",-0.97801481092448,6.81109681927866
"361",-0.954268549290068,6.82109048213663
"362",-0.731196024813846,5.43405817380697
"363",-0.67352951087169,5.46375055659273
"364",0.615133015075541,3.88000415909082
"365",-1.1252264031475,5.22224386414579
"366",-1.14303276549215,5.21110270218453
"367",-1.10806566363684,5.23075276388674
"368",-1.09160541812888,5.24098027230551
"369",-0.5708110488746,3.89605323944069
"370",-0.625302831746182,3.87862962990379
"371",-0.926068583082851,5.34328849995912
"372",-0.940991142318594,5.34216980827457
"373",-0.899999026030163,5.37287653469601
"374",-0.91261151002034,5.35480043143127
"375",-0.884111825420008,5.36227404704886
"376",0.59776929241715,3.88452049846733
"377",-1.20759247162546,5.22078164026397
"378",-1.67446706038947,6.50664882314849
"379",-0.618943432656058,5.51109199575035
"380",-1.03476748799959,5.27743110128075
"381",-1.00451565637335,5.29127201969451
"382",-1.02039583894807,5.29079391937628
"383",1.29253169587039,2.1958475984865
"384",2.0610903182609,3.44119095201984
"385",2.63462787547583,4.77415200900069
"386",2.65964122864217,4.76045938936395
"387",2.78989448399219,4.69075642641468
"388",3.52829997547509,5.90100375151324
"389",3.5048447268439,5.91536110343869
"390",2.82369094639436,4.66058264564382
"391",2.95555179830857,4.56735609964302
"392",3.76183722245493,5.73094523973078
"393",3.6333726651245,5.82952724683212
"394",3.73583183928946,5.75243995279072
"395",2.72931353238311,4.72478109493914
"396",3.44174018877306,5.9513570217195
"397",3.41593160312533,5.96560726051888
"398",2.60311802514158,4.7894529752135
"399",2.87433669347305,4.62460955423565
"400",3.67743672851523,5.79790420073212
"401",3.59995123971198,5.85226679815232
"402",3.65972101313834,5.81124335292432
"403",2.68281317230474,4.74688669658998
"404",2.51911818555264,2.71239270329844
"405",3.55707184602392,3.13545511276323
"406",4.65659244338285,4.05399005372883
"407",4.64726005904249,4.06678237678072
"408",5.01065729901632,0.981287915790684
"409",4.63788282067096,4.07930426394887
"410",4.67444336143266,4.02618636258585
"411",4.62819024802336,4.09149245396372
"412",4.58382232636769,4.14131227757964
"413",4.60749599174305,4.11563639412696
"414",4.61806735084615,4.10349905936033
"415",4.55189478397867,4.17328351538466
"416",4.66651086505094,4.0355102199649
"417",5.74010706053855,4.82358773793375
"418",4.59623516420027,4.12814348264168
"419",4.42758135051485,4.23538875826904
"420",4.68944440076915,4.00101086813659
"421",5.71151543381873,4.86415875303548
"422",4.56947618457078,4.15572418313692
"423",3.5227506115811,3.73896828866091
"424",4.50353611195961,4.77369141661444
"425",4.51901094280413,4.75925286013887
"426",4.51137535246932,4.76646519686625
"427",4.49542953846924,4.78068647439464
"428",4.47830900816126,4.79427263619493
"429",4.45885811555666,4.80780346913037
"430",4.5423989563936,4.72436502600239
"431",5.34171129106121,5.5457722436283
"432",5.33437890712103,5.5528512053722
"433",5.32725963648983,5.56168150694544
"434",5.34839303372773,5.53816762880316
"435",5.35612345218498,5.52901155221775
"436",4.46895561894343,4.80095490973564
"437",4.44764960931261,4.8150349093751
"438",4.48705944786749,4.7875261945342
"439",4.43452274778645,4.82293248619314
"440",4.41784157687998,4.83264625400185
"441",-1.49824949482735,1.94223183202041
"442",-1.27728499332428,2.24229458259909
"443",-2.14595126256444,3.4638279486172
"444",-2.90285368230916,4.73540245886456
"445",-2.97119678213879,4.67742228910643
"446",-2.94826990742308,4.69747779656715
"447",-2.92564243023486,4.71636484668236
"448",-2.02420949380847,3.54858375259219
"449",-2.07841566993197,3.50708333732097
"450",-1.99870516496945,3.56852184656281
"451",-1.89268454171434,3.65870319793652
"452",-2.52602958199385,4.99071330890639
"453",-2.60915027495092,4.94024456926455
"454",-2.54687176011407,4.97829398546821
"455",-2.58774986764668,4.95331587335168
"456",-2.56734723717565,4.9660640633065
"457",-2.63214339005592,4.92590962451863
"458",-2.17768765607345,3.42687375228213
"459",-3.04081315456242,4.62348554739641
"460",-2.24537705441945,3.37231204212411
"461",-3.17103817025181,4.49745171750086
"462",-3.09182639552891,4.57227903675029
"463",-2.21061588384551,3.39873425224038
"464",-3.12991369166138,4.53853321028635
"465",-1.97579789460154,3.58586659339603
"466",-1.92040699412982,3.62230450722645
"467",-2.04834360873606,3.54307629167777
"468",-2.81317044364322,4.80572477965685
"469",-2.76519646191928,4.84086502279977
"470",-2.74052044958477,4.85863211888621
"471",-2.7891568389358,4.82346511321559
"472",-2.10312246045012,3.4871865410056
"473",-1.75385246449586,3.74778963009222
"474",-2.28435595987784,5.10916954308764
"475",-3.02475492664107,6.33966026390193
"476",-2.25754730944914,5.12563175523436
"477",-2.33457438565745,5.08663211293179
"478",-2.92798378572313,6.38797282228478
"479",-2.9058691913281,6.39733675506698
"480",-2.94931379370469,6.37764284269117
"481",-2.38762835796681,5.0578419454712
"482",-2.2309975740063,5.13824094247117
"483",-1.95189978901488,3.60225582743579
"484",-1.71891521256246,1.69565589141574
"485",-3.30554303597761,2.15971650480951
"486",-3.28967812864647,2.18925638308809
"487",-3.32241497939997,2.12782608645755
"488",-3.27422528950488,2.21724428536921
"489",-3.34107359879593,2.09060659266711
"490",-3.37975216363179,2.0228864421591
"491",-4.62022824273609,2.78623532179997
"492",-4.66144440006879,2.70195936343378
"493",-1.62390746382973,1.88009142255664
"494",-2.66065016992476,3.04649073559911
"495",-3.6257753152116,4.13563305186726
"496",-3.53577317749473,4.22459488298461
"497",-3.67031815294041,4.088240513268
"498",-3.64732476393565,4.11347933205519
"499",-3.58392306534209,4.17782391421268
"500",-3.60494966050503,4.15671187320978
"501",-3.56136865345666,4.19977575194994
"502",-2.72781329172488,2.95706255321324
"503",-2.75186377007474,2.93010146607
"504",-2.82188356890369,2.85390813055372
"505",-3.87693653987781,3.86243976012144
"506",-3.90583453600216,3.82664592266614
"507",-2.77989165780518,2.90542103138194
"508",-3.80681800471956,3.94943821541652
"509",-3.77879718323347,3.98296004845563
"510",1.04983960975253,-1.16878077259427
"511",0.635263289214963,-1.83504901540471
"512",0.266777722063154,-1.73122770179936
"513",0.887254923823839,-1.85459155235356
"514",2.02454109436802,-3.30591798791419
"515",2.867696936441,-4.55004497678949
"516",2.82926756941598,-4.57638896321196
"517",2.84831719937964,-4.5634608267952
"518",1.9042915990735,-3.37774740323615
"519",2.67083878719724,-4.66553394734144
"520",2.51733138960398,-4.74968255745184
"521",2.68945435736071,-4.65517493455873
"522",2.70799338508593,-4.64386624217307
"523",2.55787062108339,-4.72775783913036
"524",2.53798924823982,-4.73837771821919
"525",2.65254262682511,-4.6758495035346
"526",1.87830452803595,-3.37883929463815
"527",2.59088970916131,-4.72268302141095
"528",1.9598948179656,-3.33117612045615
"529",1.99474116469973,-3.31355918407188
"530",2.92471619886722,-4.51557088684565
"531",1.93838761419605,-3.34729050333466
"532",2.77477172171207,-4.61417502327622
"533",2.62462555235087,-4.70137518429936
"534",0.448699567152095,-1.81568423695164
"535",0.634138585111785,-1.80411984014699
"536",1.69236410358229,-3.49677726031309
"537",0.749532351306312,-1.77957863512656
"538",1.72166438812644,-3.48423441859007
"539",0.723765158708796,-1.94711651991269
"540",1.29884146032654,-3.63078940814967
"541",1.36977520140639,-3.61583943746337
"542",1.98929562427628,-5.00646890869928
"543",2.00667461715316,-4.99910062703043
"544",1.96697194741557,-5.01019397509648
"545",1.96437896749889,-6.53401572834147
"546",1.94232159578249,-6.54049761399296
"547",1.95604296590022,-5.02055260292408
"548",1.3425100917612,-3.63153526850072
"549",1.25105686298191,-3.65724613034978
"550",1.83200731156257,-5.06534672721414
"551",1.84823520551063,-5.05987184270899
"552",1.80038872229534,-5.07650266376317
"553",1.81612047417108,-5.07120029417916
"554",1.77633879735788,-5.07644455051013
"555",1.80936049258824,-6.57076375436744
"556",1.83341218902587,-6.5647669797822
"557",1.85615516005625,-6.55844530502829
"558",1.28033032795226,-3.64042393461692
"559",1.9119133538786,-5.04938574774166
"560",0.876258702462522,-1.64998748490909
"561",2.25864429977652,-3.07139620648175
"562",2.24026287265526,-2.81741547219511
"563",3.22801962646229,-3.9598914479472
"564",4.13385935347743,-5.07148930163185
"565",4.1009871250072,-5.09401807301803
"566",4.89404533436056,-6.10165355974367
"567",4.90822159390196,-6.08889024824613
"568",4.18199967214162,-5.02734484901526
"569",4.14846743374635,-5.05888109164872
"570",4.1639023998637,-5.04479040519417
"571",4.79822896983487,-0.888631626101172
"572",6.24291043440287,-1.17083778706256
"573",6.2493328854751,-1.14962934854484
"574",6.30321004341915,-0.927041843861264
"575",6.24623697415828,-1.16037883104552
"576",6.25255570075955,-1.1382963449914
"577",6.23190988812172,-1.19136938872868
"578",7.56660071897612,-1.5464004310596
"579",7.56356046777205,-1.55868280458201
"580",7.59214248880434,-1.45601520798135
"581",2.28248106354952,-3.0623771818848
"582",3.19861025497449,-4.26025859493652
"583",3.17584695987746,-4.27603247383755
"584",0.403329553257358,-1.86869283630464
"585",0.663839900215379,-1.88170916511064
"586",1.57434608680594,-3.54591915451925
"587",2.21071060719088,-4.9175368409658
"588",2.25200419812641,-4.89796486189466
"589",2.18797844630724,-4.92537930085278
"590",2.06171933613835,-6.517060836783
"591",2.16209947841298,-4.93197782589246
"592",2.1248922317222,-6.49407338319451
"593",2.14400824743687,-6.48750234596594
"594",2.10639464038258,-6.49957346363433
"595",2.23119855762799,-4.90792148467275
"596",0.322333736200728,-1.89040604418265
"597",0.515351311826239,-1.85051295594917
"598",-1.31975306411394,-1.37931383298475
"599",-2.27228581598887,-2.7144993612593
"600",-2.80208140384806,-2.07973545811944
"601",-4.14489840951138,-2.76181023020752
"602",-5.42470826786333,-3.44459390139568
"603",-6.73149099153433,-4.23136809645766
"604",-7.95251515237142,-4.99556917875181
"605",-7.95564651180182,-4.99031355530816
"606",-7.95091912615754,-4.99834385955396
"607",-7.95388440339039,-4.99303880273826
"608",-6.72030240973557,-4.25089462861081
"609",-7.94135451010929,-5.01387870832568
"610",-7.93787655787886,-5.01917859826028
"611",-7.93929901362353,-5.01649076672298
"612",-7.93617870512271,-5.02223270774672
"613",-6.70787274948512,-4.26747750409235
"614",-5.35973590471923,-3.55175683412362
"615",-6.63678382423676,-4.38076848268374
"616",-6.62571365970671,-4.39631916523722
"617",-2.40646842522559,-2.6406339761129
"618",-3.33239352433731,-3.81631074784562
"619",-4.28611048375599,-4.93077542795846
"620",-4.31352082007552,-4.91049818463661
"621",-4.29978669818843,-4.92090985443693
"622",-4.3289917251883,-4.89828002866449
"623",-4.27135542844239,-4.94105038621781
"624",-4.21104802405991,-4.97805578678769
"625",-3.285871625486,-3.84846943132987
"626",-4.23690017361256,-4.97624777969052
"627",-3.46113263490201,-3.69420495570636
"628",-4.47458010087049,-4.7472482111021
"629",-5.4730140598361,-5.79613419807283
"630",-5.46422471453644,-5.80508426654546
"631",-4.42552372668484,-4.79484134708081
"632",-4.49920541871879,-4.71398852351799
"633",-5.51530333727747,-5.75172942045419
"634",-5.50681358198917,-5.76028706300144
"635",-5.49857153569163,-5.76859955648221
"636",-4.44060928093402,-4.78222896926249
"637",-5.42274507100307,-5.84411788581559
"638",-4.45242448973697,-4.7703460103116
"639",-4.41468140335696,-4.8046153906285
"640",-4.4595875065622,-4.76331383590197
"641",-3.38731468670344,-3.76632205145544
"642",-3.37788885523182,-3.77384586839622
"643",-3.36641071680713,-3.78209812729678
"644",-3.39579616391014,-3.75851552329313
"645",-2.21924104365827,-2.78327049289617
"646",-3.17249612866364,-4.00665968809844
"647",-3.18603062633392,-3.9971347368629
"648",-2.81622287070217,-4.24289136868031
"649",-2.16622833968232,-2.85494226662448
"650",-3.01568560246637,-4.10133583376544
"651",-2.99985024716718,-4.11198332326233
"652",-3.03125442917607,-4.09089853386411
"653",-3.09264712985825,-4.04927597294062
"654",-3.04664472851197,-4.0805324484144
"655",-2.98359179421036,-4.12287139931801
"656",-2.96690721091637,-4.13413119543857
"657",-3.0772690343723,-4.05970594096769
"658",-3.06190654380627,-4.07008315812846
"659",-2.64205709129151,-2.34760859794901
"660",-3.85757417574946,-3.1775148281394
"661",-5.00351319594504,-4.07275446640284
"662",-4.98201355126286,-4.11143531823622
"663",-4.98778449912948,-4.10199963173325
"664",-5.01228798843645,-4.03640343103951
"665",-6.1970967077676,-4.98628713769767
"666",-6.20317585815764,-4.97357902075564
"667",-7.57891220792729,-5.54603612414162
"668",-7.57535345916443,-5.55120334353039
"669",-6.1886137517697,-4.99600265006824
"670",-4.97589710599257,-4.12091616399457
"671",-4.99855105759163,-4.08272994853004
"672",-4.96205807266812,-4.14102803961314
"673",-4.99327985081438,-4.09245377575378
"674",-4.95391531369531,-4.15269300913907
"675",-4.96930482045881,-4.13065779759651
"676",-3.73862452347669,-3.34465473884513
"677",-4.8123293639146,-4.33338178898691
"678",-5.92288296868207,-5.32124114409409
"679",-5.91647969823436,-5.32778317371731
"680",-5.91025325147158,-5.33461806336876
"681",-4.76872979827105,-4.36940379023325
"682",-5.86586993597658,-5.38373807011869
"683",-4.86462275382745,-4.26306757073449
"684",-5.99917713001043,-5.23051006324995
"685",-5.99357571260891,-5.2385261704197
"686",-5.98766857711647,-5.24471961614022
"687",-5.9820338388455,-5.25176494000437
"688",-4.78589054032362,-4.35664539083925
"689",-5.88741331544344,-5.36072632246373
"690",-4.84099066620861,-4.30021111400526
"691",-5.96044967429406,-5.27681532660861
"692",-5.9563005278514,-5.28384640239504
"693",-5.95160806224936,-5.28962879232555
"694",-5.94688837329833,-5.29628907812112
"695",-4.79470003328373,-4.34664055627499
"696",-4.82400100219589,-4.31734834164679
"697",-4.75168737309811,-4.38148402679562
"698",-2.25316760916875,-2.73493784674216
"699",-2.24061130140073,-2.75721614438981
"700",-2.19372808239106,-2.79982945894133
"701",-2.86572474973788,-4.21472539039011
"702",-2.88562079295408,-4.20212695462678
"703",0.697532555808676,-1.90342863660776
"704",1.61141179225515,-3.53084674111222
"705",2.3397253455657,-4.87828348410292
"706",-0.454671767039051,-1.98528159156094
"707",-0.819007481223608,-3.51101035878084
"708",-0.797297680913212,-3.53996306436322
"709",-0.589958006103208,-3.56326166579874
"710",-0.331385109192784,-5.14452198123785
"711",-0.345094920191814,-5.14453690447854
"712",-0.959142884790544,-3.46660559475726
"713",-0.413043855884825,-3.57186730086166
"714",-0.398514222931071,-5.14534941914211
"715",-0.302273780174617,-5.1434416372211
"716",-0.978285602583316,-3.45325642433745
"717",-0.681564620379679,-3.54325893307918
"718",-0.688580169233361,-3.53497678935104
"719",-0.457051420333063,-3.58613526167988
"720",-0.479803022109292,-5.1476243758571
"721",-0.492462856610803,-5.14798446288036
"722",-0.4670845130251,-5.1473765807257
"723",-0.597829562467669,-3.54603449294616
"724",-0.178274357056015,-5.13558073430378
"725",-0.619414755729924,-3.54964551131484
"726",-0.42838103761675,-5.14441631194939
"727",-0.37247127357098,-3.58244078782506
"728",-0.574729032356535,-5.14721030931706
"729",-0.382037487940437,-5.14399336303001
"730",-0.435958715109825,-3.5795756079062
"731",-0.215407002341375,-5.1408248979045
"732",-0.231365653798417,-5.14060950419423
"733",-0.871435471789178,-3.4752179771141
"734",-0.137861289301546,-5.1403650702088
"735",-0.538631120906281,-3.58702858116026
"736",-0.680836892735166,-5.13831731411743
"737",-0.710089104607471,-5.13524536936168
"738",-0.74442998629448,-5.1340636826182
"739",-0.694716262208286,-5.13695310934887
"740",-0.754787243483754,-5.13394951977209
"741",-0.932158067228841,-6.58622554178648
"742",-0.727393540679568,-5.13580510669584
"743",-0.891376693716277,-3.49079447166415
"744",-0.486772743319378,-3.58549565443723
"745",-0.605465473574934,-5.14738191879816
"746",-0.617721756035733,-5.14724820940133
"747",-0.541686992330936,-5.14693462715111
"748",-0.698401149083262,-3.52104388418947
"749",-0.996378131834927,-3.38479639171928
"750",-0.708899725582941,-3.53744629894575
"751",-0.861181359482128,-3.46338509757202
"752",-0.715058962550053,-3.56902032241772
"753",-1.06777948678703,-5.07614426561273
"754",-1.36968529858097,-6.51739874389673
"755",-0.992481339618021,-5.09486243277802
"756",-1.00798327731789,-5.08965359176461
"757",-1.02890624712299,-5.08507238377637
"758",-1.09706668295602,-5.07393869985273
"759",-1.42090551818251,-6.49648034975211
"760",-1.44065870482427,-6.49089456414881
"761",-1.4025040873443,-6.50131076988263
"762",-1.34070880014946,-6.51425449719328
"763",-1.31652927888245,-6.51857424141185
"764",-0.780293227035967,-3.50891897998096
"765",-0.861587855267816,-3.49395926698453
"766",-0.964846779200805,-3.47081902060851
"767",-0.0999315161907654,-5.13587118989271
"768",-0.981797257146088,-3.44094974762477
"769",-0.634161589434723,-3.56231120410265
"770",-0.853662603288598,-5.12712169069782
"771",-1.07215381957207,-6.57549085772241
"772",-0.885735139581708,-5.12502483235171
"773",-1.12714405273506,-6.56689701789949
"774",-1.15168652182561,-6.56328813099182
"775",-0.356163606157266,-3.5783117342861
"776",-0.064641046363179,-5.12984964646199
"777",-0.264886014353201,-5.14002428372292
"778",-1.37160418026516,-3.30292350072007
"779",-1.95170977399965,-4.69133195473729
"780",-1.99087716449773,-4.6703736229319
"781",-1.93516993449714,-4.70543786230948
"782",-2.50893361455224,-6.04754717029249
"783",-2.47862849246578,-6.06173823946633
"784",-1.98521638843569,-4.67344526982442
"785",-2.61130838492993,-5.96245238361163
"786",-2.07516714455205,-4.61002166848195
"787",-2.66609331344471,-5.92992163782619
"788",-3.36729673569695,-7.23445992556591
"789",-3.35578861698656,-7.24145272460463
"790",-3.2769548104649,-7.28025246773822
"791",-3.26612610575765,-7.28534556602391
"792",-2.63634888869902,-5.95247169559159
"793",-3.23097421576894,-7.30367242324525
"794",-2.69891028948994,-5.91078060478219
"795",-3.32932324836433,-7.25610655951739
"796",-3.32131780244138,-7.26011308330474
"797",-3.31385868345296,-7.26361262278435
"798",-3.30570589535273,-7.26722509237753
"799",-1.96729255850028,-4.6838280247636
"800",-0.854767320813586,-3.48802504878228
"801",-1.14014285623676,-3.43103947311277
"802",-1.56143237550957,-4.89465157550979
"803",-2.01257411542327,-6.29336805136308
"804",-1.99045094725261,-6.30015539768712
"805",-1.53830904120543,-4.90133100634024
"806",-1.94189715564064,-6.31642392306986
"807",-1.6575211606987,-4.83944472056792
"808",-1.57948187498653,-4.87806056154414
"809",-1.58898125884782,-4.86733002466078
"810",-1.63807253193151,-4.86141697923669
"811",-2.10459764564239,-6.25074126938178
"812",-2.07946786349189,-6.26096931803334
"813",-2.12712482885565,-6.2403754255116
"814",-2.13923270656054,-6.234519716036
"815",-2.09281295617051,-6.25564750734131
"816",-2.11584865215634,-6.24570889856676
"817",-1.72795736334885,-4.81425987655851
"818",-2.21466830967048,-6.1933963436701
"819",-2.2599052386191,-6.1663300493549
"820",-2.27315382712486,-6.1573597276324
"821",-2.20233722446299,-6.20002225757149
"822",-2.24816226928047,-6.17394904193902
"823",-2.22606908039394,-6.18712672931994
"824",-2.23707606541291,-6.18075431130529
"825",-0.79889072883088,-3.50326514717907
"826",-0.577312346766528,-3.56040737554378
"827",-0.552553623778816,-5.14908846942405
"828",-0.937430820129187,-3.51053956489574
"829",-1.28911708269829,-5.01937017310261
"830",-1.27486717988264,-5.02555936062534
"831",-1.2559816472233,-5.03452288433408
"832",-1.60015697334597,-6.45685684664655
"833",-1.34945432706493,-5.0032528402893
"834",-1.68596485716854,-6.42266721954345
"835",-1.74451057893625,-6.404550604857
"836",-1.75866505740754,-6.39897171828371
"837",-1.73104489028926,-6.40942982594794
"838",-1.70294097947736,-6.41811162235069
"839",-1.77488308413829,-6.39218823020002
"840",-1.71745255545785,-6.41386769434774
"841",0.560159844614191,-1.85049259478411
"842",2.18671873052424,-3.22334496723232
"843",0.328443121978992,-1.81982882511585
"844",0.268548821105075,-1.73384903621512
"845",0.380468756008764,-1.88973403093893
"846",1.56563885860113,-0.373736036982912
"847",2.80706534720433,-1.95209656838857
"848",2.88455412712831,-3.97626572183775
"849",3.27433193102327,0.013323836745164
"850",4.7109823506348,0.240358640111403
"851",6.28280189597777,-0.593606503470976
"852",6.26554978089619,-0.623739065378936
"853",4.68119263415766,0.285477447086397
"854",4.72115201726696,0.220442832396634
"855",6.24094546920004,-0.67265646833994
"856",6.29646760220964,-0.563701554191997
"857",6.29432181589384,-0.571091334355731
"858",4.69400293540853,0.259540989268277
"859",6.26972295925991,-0.608886214473729
"860",6.30851576222688,-0.543776980668036
"861",6.25238893779688,-0.643341785624817
"862",4.62339238803522,-0.14065831256938
"863",5.65359468966381,-0.156575704730561
"864",7.33095671994234,-0.194764007858581
"865",9.08905798660441,-0.27712808067798
"866",9.08912981588844,-0.278532188616526
"867",9.08866786657928,-0.275808893262602
"868",9.09010169077585,-0.234334818399805
"869",9.09174636417954,-0.236902523984476
"870",10.5451585644125,-0.0392558360064959
"871",10.5450944620061,-0.0417408743415524
"872",9.08983866076413,-0.244431343457351
"873",10.5450042155682,0.0419081951580287
"874",10.5451405588657,0.037877736063473
"875",10.5452143044447,0.0399040283563058
"876",9.08970274024005,-0.245501731717366
"877",9.09030620585617,-0.240048101425688
"878",9.09071981459407,-0.245613657609118
"879",10.545034522379,-0.0583054199959402
"880",10.5450662545271,-0.0556988199406103
"881",9.08995040970416,-0.247648318374107
"882",9.09057624719016,-0.241202714232382
"883",9.09070149505918,-0.238878843020219
"884",10.5450234836948,-0.070312584428222
"885",10.545017050639,-0.0678386202192843
"886",9.08843989953697,-0.279982597969818
"887",9.08990400487911,-0.245298477558618
"888",9.09096054075133,-0.235154818232223
"889",10.5429563458365,-0.222341734071986
"890",9.08968390044777,-0.235887420297953
"891",9.08921856348211,-0.249005507086697
"892",9.09020959327264,-0.242249268501807
"893",9.09021294064735,-0.243115215719585
"894",9.08997477959776,-0.23770884318486
"895",9.09175694230842,-0.239111782701107
"896",10.5450215538538,-0.0787049735421841
"897",10.5449629502554,-0.080556578195313
"898",7.35689945123399,-0.234414026690872
"899",9.0913701348233,-0.297099054230511
"900",9.09083925356047,-0.295123655551212
"901",4.72374262381413,-0.0410153102904419
"902",6.16194554912432,0.0147379911324128
"903",7.40482079959126,-1.60656100826967
"904",2.47082826713004,-2.11038518016573
"905",3.66661697398527,-3.10087447388884
"906",3.74826688294805,-3.02124898954555
"907",4.83906111679778,-3.96884631776196
"908",4.85316873936435,-3.95286280343958
"909",4.88628832158058,-3.91279141317819
"910",4.87591588895059,-3.92592009899883
"911",4.89662148409985,-3.8990657013228
"912",4.86509951278731,-3.93906324839863
"913",4.92000829286313,-3.86609586289768
"914",4.90744120095187,-3.88395720105091
"915",2.50301040105055,-2.31250226955191
"916",2.44395721137866,-2.64685407488457
"917",2.43420784646544,-2.65454938515485
"918",3.60903713882238,-3.16218999937116
"919",4.66980178890339,-4.14205114589412
"920",4.71519407181704,-4.10255067035392
"921",4.6853141130335,-4.12911753692943
"922",4.6521607839269,-4.15645873265712
"923",4.7000573535344,-4.11627376768137
"924",4.7324719076172,-4.08631083827243
"925",3.67619318700044,-3.09132551545038
"926",3.69454414022017,-3.06965672085423
"927",4.79646730519946,0.0949591623875702
"928",3.68568756087149,-3.08156202704009
"929",3.64193324242518,-3.12093460625416
"930",3.65528307791304,-3.11005473557819
"931",5.98093434740013,-1.39234496121931
"932",7.45400696203313,-1.755696640016
"933",7.45737724547716,-1.7370755739668
"934",5.96927041388614,-1.42457184912981
"935",5.96317469600451,-1.44228954082598
"936",5.99095605425897,-1.36337683376986
"937",7.35523324763728,-0.232967903130627
"938",7.20909330983051,-0.139598393449503
"939",9.085066605832,-0.212469323249035
"940",6.57513677672727,-0.091947553617577
"941",7.91310160237987,-0.112022760030537
"942",9.08610750601814,-0.184963418897677
"943",9.08609423914691,-0.189151356718075
"944",9.08635531469847,-0.181688109924846
"945",10.5296463541116,0.56128850930649
"946",10.5296868355087,0.557942684422933
"947",10.5296760210301,0.559616955208625
"948",7.35811486481884,-0.219702830942931
"949",9.09203984443586,-0.269071643268581
"950",9.09207256505348,-0.268016483708366
"951",9.09195235485367,-0.270222917690752
"952",9.09176713895098,-0.272395533988092
"953",9.09158809414746,-0.27127899116086
"954",7.36444043100389,-0.182311793985526
"955",7.3552804961345,-0.185334678341709
"956",9.09129183029709,-0.263848170943349
"957",9.09189532160186,-0.26198428035684
"958",9.09092275305267,-0.286403776978667
"959",9.09145906491294,-0.263293815787848
"960",10.531523118804,-0.543745794322857
"961",10.5315074300025,-0.542541410163518
"962",7.19679572469809,-0.168752604232305
"963",9.08475418320944,-0.219130562061578
"964",7.28702103353187,-0.157426237127519
"965",9.09365308790017,-0.199707104120632
"966",9.09240619308795,-0.198602704703437
"967",9.09310548728258,-0.200781826919184
"968",5.72393122799307,0.0923719681476938
"969",9.09303157861624,-0.204392302999554
"970",9.09351656357624,-0.203098307021377
"971",9.09273743152019,-0.201893720985268
"972",9.09257562239083,-0.19762636214778
"973",9.09331754192229,-0.206144157811485
"974",9.08525874927478,-0.217275762494988
"975",9.08557768286727,-0.215460296512644
"976",9.08499010738499,-0.221120785207683
"977",10.5395320264085,0.290319840482844
"978",7.35635566562365,-0.210910679407448
"979",9.09125537173087,-0.257298197890777
"980",9.09152520219714,-0.256284120688827
"981",9.09139195757279,-0.254800872005226
"982",9.08935417472841,-0.302092828512608
"983",9.08898325341052,-0.290548668844812
"984",10.5392796248748,-0.364652456224914
"985",10.5394059833213,-0.362808878801147
"986",9.09134048760746,-0.258583716365054
"987",6.0061724771626,-0.0671249993717034
"988",7.61190156191536,-0.297454343994983
"989",7.60986913640809,-0.292716247970905
"990",7.58532071563957,-0.0849892241546295
"991",6.04391866420617,-0.273002772758254
"992",7.57462865995539,-0.318807635719104
"993",7.56786579398153,-0.352102105861355
"994",9.09371223187347,-0.488020221126037
"995",9.09676289217542,-0.425527497512378
"996",7.57499867681399,-0.337695184379649
"997",7.57283224818207,-0.34050502450441
"998",7.5776108790883,-0.329740070751551
"999",7.57472495603242,-0.355724691118372
"1000",7.57321686657321,-0.324849944653432
"1001",9.09415431036613,-0.479972661466778
"1002",7.57498917457939,-0.334371926914425
"1003",7.57386928105343,-0.320973056824729
"1004",7.57528098109831,-0.32654324416166
"1005",7.57303563708772,-0.332000917647541
"1006",7.57000798961183,-0.346836120925506
"1007",9.09798426858185,-0.416506676426163
"1008",9.09764755119731,-0.410492405317819
"1009",7.56669783528553,-0.367782129592176
"1010",9.09567475839492,-0.441170987191112
"1011",7.57539883809854,-0.363779144708099
"1012",7.57002009389358,-0.358680212758499
"1013",7.57546153324599,-0.345813452402572
"1014",6.01245498606579,-0.0492783877136754
"1015",7.56090979521685,-0.434795899525226
"1016",6.0119874978131,-0.0613740410117104
"1017",6.01330629989678,-0.0563071584121899
"1018",4.64224386819527,0.333748742578693
"1019",6.32130392895838,-0.508259545012831
"1020",6.31744349062473,-0.487979512478128
"1021",6.07435157149063,0.458848897703014
"1022",7.66676268298619,-0.633388992347092
"1023",6.17973669393341,0.268392088652075
"1024",6.06255518836215,0.483888309099307
"1025",6.09228901222706,0.435004672009925
"1026",6.05113247798198,0.511121234430787
"1027",4.67771358124237,0.303013546876016
"1028",3.09039060482915,-1.20424481987901
"1029",4.29597259470538,-1.95006451387678
"1030",5.59408453187542,-2.52282373578098
"1031",6.95534073459904,-3.16441545203044
"1032",8.3058989973578,-3.77856808927954
"1033",8.30328030328423,-3.78313084517156
"1034",6.96974112499045,-3.1229938036467
"1035",6.96723838266838,-3.1321623169431
"1036",6.95729243253348,-3.14466187243198
"1037",8.3136791800971,-3.75896715990214
"1038",8.31023077125015,-3.76692789143531
"1039",8.31248847543197,-3.763384790889
"1040",9.51216208748927,-4.59284673837469
"1041",5.59910295249589,-2.46891246433928
"1042",4.27639023998898,-2.09556082868514
"1043",5.57768280559333,-2.66243470376327
"1044",5.47082921129149,-2.81271701008161
"1045",5.58109933864282,-2.67752238646893
"1046",5.58573193868498,-2.63786405967677
"1047",5.52282297596342,-2.76224791520921
"1048",5.57614576407246,-2.68144756453067
"1049",6.80494685332565,-3.50869477674473
"1050",6.80531769535547,-3.50250647466547
"1051",5.58494928507553,-2.67605000236059
"1052",5.53427093681818,-2.74280438525549
"1053",6.79117429518885,-3.52555099866167
"1054",6.79203263221287,-3.5199026357585
"1055",8.06594711897116,-4.26720316805148
"1056",5.59019850295833,-2.65455834048559
"1057",6.81483155962386,-3.49358900134626
"1058",5.5756772549826,-2.69648361944729
"1059",4.38151015817699,-2.31678532657617
"1060",5.58731897992446,-2.63313936966052
"1061",5.56788009437389,-2.71264015814762
"1062",5.58479693184593,-2.65613793110651
"1063",4.25023164839849,-1.78930246129954
"1064",5.97212047439213,-0.971973612235905
"1065",5.95663225402686,-1.00624835987826
"1066",7.44459303537603,-1.49428366796203
"1067",8.38726623528204,-3.55883610369522
"1068",5.96838419548854,-0.983661983355272
"1069",5.96505534480132,-0.994771481161918
"1070",5.57066961081986,-2.7032505465644
"1071",5.57218067196387,-2.69935018966665
"1072",3.09341480365665,-1.60240478446426
"1073",4.64031407665001,-1.86054475207115
"1074",3.41933444432742,-3.37105136949071
"1075",4.38665465657987,-2.43500375928867
"1076",3.40460485553718,-3.38423115146146
"1077",3.39219802064264,-3.399649526998
"1078",3.4443218284225,-3.32756488126832
"1079",4.463751106817,-4.32116498685601
"1080",3.4351411966714,-3.3575870873619
"1081",1.27373749398535,-1.25690588890776
"1082",5.56711772847839,-2.68672043781288
"1083",5.52073606058249,-2.77958903386473
"1084",6.83657378200037,-3.45218934978755
"1085",6.84809545853068,-3.43288359359961
"1086",6.83769468110827,-3.44947004727661
"1087",6.83523462928427,-3.45444386582594
"1088",6.82350349171935,-3.469453748336
"1089",6.84833830548991,-3.43618493114546
"1090",6.84543346410813,-3.43791925172199
"1091",6.84821501059449,-3.42951998436537
"1092",6.83313743384312,-3.45629115078306
"1093",6.85186845372474,-3.42773643143607
"1094",6.82816846956372,-3.46343073427311
"1095",6.82490697555429,-3.4657346745645
"1096",6.83012731577958,-3.4609916878628
"1097",6.85215659967016,-3.42343345755772
"1098",6.83108196712636,-3.45827223147768
"1099",6.84152278247663,-3.44383303840937
"1100",8.15180254495223,-4.10474801327909
"1101",8.14989572081003,-4.10791757496029
"1102",8.15382807267243,-4.101695486783
"1103",5.5860076648214,-2.67159448675828
"1104",5.59404771764401,-2.64451228567192
"1105",5.58382659730438,-2.6611467631366
"1106",5.56161257341072,-2.70319523245621
"1107",5.5946919555433,-2.65171247516522
"1108",5.57113122540855,-2.68523304034023
"1109",6.77783357609464,-3.53785212679398
"1110",6.77280293687193,-3.54319884468103
"1111",6.76960148460959,-3.55046492132028
"1112",5.56278277437955,-2.73242131450173
"1113",6.8753001469086,-3.38542575236482
"1114",8.18628717458129,-4.03455921091498
"1115",8.19014630901049,-4.02719946975053
"1116",8.18393048629884,-4.0397691403641
"1117",8.18792038816233,-4.03249145932966
"1118",8.18507328386157,-4.03692076669888
"1119",8.1888136950653,-4.02994870222709
"1120",6.88686998920043,-3.37000377744972
"1121",6.88550633119357,-3.37409340205302
"1122",6.88902801662776,-3.36544616448408
"1123",5.59815803471731,-2.44571096469503
"1124",5.59872124394418,-2.45800808209625
"1125",5.59307064024904,-2.48292651627201
"1126",6.94871919934418,-3.20534401297379
"1127",6.95161397108226,-3.1985392984866
"1128",6.94417436195147,-3.2128165335471
"1129",4.14847345759326,-2.47252564439229
"1130",5.4008836168793,-3.20437275032441
"1131",5.41704100964488,-3.18790473747125
"1132",5.38552208705308,-3.21993385947438
"1133",5.3692783161153,-3.23623431599347
"1134",4.10081386186615,-2.51394255158782
"1135",5.31621598924247,-3.29339818686341
"1136",5.29414490743699,-3.31449077980157
"1137",-3.21933221046749,-1.58919270457474
"1138",-4.5939352665285,-2.28381456286068
"1139",-5.91430468471001,-2.94857055808403
"1140",-5.92962523783059,-2.91883400842196
"1141",-3.30178618861883,-1.21042020250665
